date,article_id,article_name,article_type,create_date,read_num,comment_num,article_url,record_time
2019-03-20,88171240,编程规范和好习惯,转,2019-03-05 10:40:20,6,6,https://blog.csdn.net/liuchengzimozigreat/article/details/88171240,2019-03-20 19:35:22
2019-03-21,88171240,编程规范和好习惯,转,2019-03-05 10:40:20,6,6,https://blog.csdn.net/liuchengzimozigreat/article/details/88171240,2019-03-21 17:00:49
2019-03-25,88171240,编程规范和好习惯,转,2019-03-05 10:40:20,7,0,https://blog.csdn.net/liuchengzimozigreat/article/details/88171240,2019-03-25 22:19:49
2019-03-26,88171240,编程规范和好习惯,转,2019-03-05 10:40:20,8,0,https://blog.csdn.net/liuchengzimozigreat/article/details/88171240,2019-03-26 22:29:01
2019-03-27,88171240,编程规范和好习惯,转,2019-03-05 10:40:20,8,0,https://blog.csdn.net/liuchengzimozigreat/article/details/88171240,2019-03-27 22:56:05
2019-03-28,88171240,编程规范和好习惯,转,2019-03-05 10:40:20,9,0,https://blog.csdn.net/liuchengzimozigreat/article/details/88171240,2019-03-28 22:38:52
2019-04-01,88171240,编程规范和好习惯,转,2019-03-05 10:40:20,9,0,https://blog.csdn.net/liuchengzimozigreat/article/details/88171240,2019-04-01 23:29:26
2019-04-02,88171240,编程规范和好习惯,转,2019-03-05 10:40:20,9,0,https://blog.csdn.net/liuchengzimozigreat/article/details/88171240,2019-04-02 21:40:30
2019-04-03,88171240,编程规范和好习惯,转,2019-03-05 10:40:20,9,0,https://blog.csdn.net/liuchengzimozigreat/article/details/88171240,2019-04-03 23:04:46
2019-04-08,88171240,编程规范和好习惯,转,2019-03-05 10:40:20,9,0,https://blog.csdn.net/liuchengzimozigreat/article/details/88171240,2019-04-08 09:47:05
