,article_id,article_name,article_type,create_date,read_num,comment_num,article_url,record_time
2019-07-09 00:00:00,95113500,matplotlib 用自定义颜色画散点图,"float-none"">原</span>",2019-07-08 23:34:49,12,0,https://blog.csdn.net/liuchengzimozigreat/article/details/95113500,2019-07-09 21:57:47
2019-07-11 00:00:00,95113500,matplotlib 用自定义颜色画散点图,"float-none"">原</span>",2019-07-08 23:34:49,24,0,https://blog.csdn.net/liuchengzimozigreat/article/details/95113500,2019-07-11 22:04:53
2019-07-18 00:00:00,95113500,matplotlib 用自定义颜色画散点图,"float-none"">原</span>",2019-07-08 23:34:49,38,0,https://blog.csdn.net/liuchengzimozigreat/article/details/95113500,2019-07-18 08:23:41
2019-07-19 00:00:00,95113500,matplotlib 用自定义颜色画散点图,"float-none"">原</span>",2019-07-08 23:34:49,44,0,https://blog.csdn.net/liuchengzimozigreat/article/details/95113500,2019-07-19 22:37:31
2019-07-21 00:00:00,95113500,matplotlib 用自定义颜色画散点图,"float-none"">原</span>",2019-07-08 23:34:49,50,0,https://blog.csdn.net/liuchengzimozigreat/article/details/95113500,2019-07-21 22:54:15
2019-07-24 00:00:00,95113500,matplotlib 用自定义颜色画散点图,"float-none"">原</span>",2019-07-08 23:34:49,57,0,https://blog.csdn.net/liuchengzimozigreat/article/details/95113500,2019-07-24 22:02:44
2019-07-28 00:00:00,95113500,matplotlib 用自定义颜色画散点图,"float-none"">原</span>",2019-07-08 23:34:49,62,0,https://blog.csdn.net/liuchengzimozigreat/article/details/95113500,2019-07-28 21:53:14
2019-07-29 00:00:00,95113500,matplotlib 用自定义颜色画散点图,"float-none"">原</span>",2019-07-08 23:34:49,64,0,https://blog.csdn.net/liuchengzimozigreat/article/details/95113500,2019-07-29 22:12:07
2019-07-30,95113500,matplotlib 用自定义颜色画散点图,"float-none"">原</span>",2019-07-08 23:34:49,66,0,https://blog.csdn.net/liuchengzimozigreat/article/details/95113500,2019-07-30 21:50:19
